Ticker,Exchange Country
600985.ss,CN Exchange
600986.ss,CN Exchange
600987.ss,CN Exchange
600988.ss,CN Exchange
600989.ss,CN Exchange
600990.ss,CN Exchange
600992.ss,CN Exchange
600993.ss,CN Exchange
600995.ss,CN Exchange
600996.ss,CN Exchange
600997.ss,CN Exchange
600998.ss,CN Exchange
600999.ss,CN Exchange
601000.ss,CN Exchange
601001.ss,CN Exchange
601002.ss,CN Exchange
601003.ss,CN Exchange
601005.ss,CN Exchange
601006.ss,CN Exchange
601007.ss,CN Exchange
601008.ss,CN Exchange
601009.ss,CN Exchange
601010.ss,CN Exchange
601011.ss,CN Exchange
601012.ss,CN Exchange
601015.ss,CN Exchange
601016.ss,CN Exchange
601018.ss,CN Exchange
601019.ss,CN Exchange
601020.ss,CN Exchange
601021.ss,CN Exchange
601022.ss,CN Exchange
601033.ss,CN Exchange
601038.ss,CN Exchange
601058.ss,CN Exchange
601059.ss,CN Exchange
601061.ss,CN Exchange
601065.ss,CN Exchange
601066.ss,CN Exchange
601068.ss,CN Exchange
601069.ss,CN Exchange
601077.ss,CN Exchange
601083.ss,CN Exchange
601086.ss,CN Exchange
601088.ss,CN Exchange
601089.ss,CN Exchange
601096.ss,CN Exchange
601098.ss,CN Exchange
601099.ss,CN Exchange
601100.ss,CN Exchange
601101.ss,CN Exchange
601106.ss,CN Exchange
601107.ss,CN Exchange
601108.ss,CN Exchange
601111.ss,CN Exchange
601113.ss,CN Exchange
601116.ss,CN Exchange
601117.ss,CN Exchange
601118.ss,CN Exchange
601121.ss,CN Exchange
601126.ss,CN Exchange
601127.ss,CN Exchange
601128.ss,CN Exchange
601133.ss,CN Exchange
601136.ss,CN Exchange
601137.ss,CN Exchange
601138.ss,CN Exchange
601139.ss,CN Exchange
601155.ss,CN Exchange
601156.ss,CN Exchange
601158.ss,CN Exchange
601162.ss,CN Exchange
601163.ss,CN Exchange
601166.ss,CN Exchange
601168.ss,CN Exchange
601169.ss,CN Exchange
601177.ss,CN Exchange
601179.ss,CN Exchange
601186.ss,CN Exchange
601187.ss,CN Exchange
601188.ss,CN Exchange
601198.ss,CN Exchange
601199.ss,CN Exchange
601200.ss,CN Exchange
601208.ss,CN Exchange
601211.ss,CN Exchange
601212.ss,CN Exchange
601216.ss,CN Exchange
601218.ss,CN Exchange
601222.ss,CN Exchange
601225.ss,CN Exchange
601226.ss,CN Exchange
601228.ss,CN Exchange
601229.ss,CN Exchange
601231.ss,CN Exchange
601233.ss,CN Exchange
601236.ss,CN Exchange
601238.ss,CN Exchange
601279.ss,CN Exchange
601288.ss,CN Exchange
601298.ss,CN Exchange
601311.ss,CN Exchange
601318.ss,CN Exchange
601319.ss,CN Exchange
601326.ss,CN Exchange
601328.ss,CN Exchange
601330.ss,CN Exchange
601333.ss,CN Exchange
601336.ss,CN Exchange
601339.ss,CN Exchange
601360.ss,CN Exchange
601366.ss,CN Exchange
601368.ss,CN Exchange
601369.ss,CN Exchange
601375.ss,CN Exchange
601377.ss,CN Exchange
601388.ss,CN Exchange
601398.ss,CN Exchange
601399.ss,CN Exchange
601456.ss,CN Exchange
601500.ss,CN Exchange
601512.ss,CN Exchange
601515.ss,CN Exchange
601518.ss,CN Exchange
601519.ss,CN Exchange
601528.ss,CN Exchange
601555.ss,CN Exchange
601566.ss,CN Exchange
601567.ss,CN Exchange
601568.ss,CN Exchange
601577.ss,CN Exchange
601579.ss,CN Exchange
601588.ss,CN Exchange
601595.ss,CN Exchange
601598.ss,CN Exchange
601599.ss,CN Exchange
601600.ss,CN Exchange
601601.ss,CN Exchange
601606.ss,CN Exchange
601607.ss,CN Exchange
601608.ss,CN Exchange
601609.ss,CN Exchange
601611.ss,CN Exchange
601615.ss,CN Exchange
601616.ss,CN Exchange
601618.ss,CN Exchange
601619.ss,CN Exchange
601628.ss,CN Exchange
601633.ss,CN Exchange
601636.ss,CN Exchange
601658.ss,CN Exchange
601665.ss,CN Exchange
601666.ss,CN Exchange
601668.ss,CN Exchange
601669.ss,CN Exchange
601677.ss,CN Exchange
601678.ss,CN Exchange
601686.ss,CN Exchange
601688.ss,CN Exchange
601689.ss,CN Exchange
601696.ss,CN Exchange
601698.ss,CN Exchange
601699.ss,CN Exchange
601700.ss,CN Exchange
601702.ss,CN Exchange
601717.ss,CN Exchange
601718.ss,CN Exchange
601727.ss,CN Exchange
601728.ss,CN Exchange
601766.ss,CN Exchange
601777.ss,CN Exchange
601778.ss,CN Exchange
601788.ss,CN Exchange
601789.ss,CN Exchange
601798.ss,CN Exchange
601799.ss,CN Exchange
601800.ss,CN Exchange
601801.ss,CN Exchange
601808.ss,CN Exchange
601811.ss,CN Exchange
601816.ss,CN Exchange
601818.ss,CN Exchange
601825.ss,CN Exchange
601827.ss,CN Exchange
601828.ss,CN Exchange
601838.ss,CN Exchange
601857.ss,CN Exchange
601858.ss,CN Exchange
601860.ss,CN Exchange
601865.ss,CN Exchange
601866.ss,CN Exchange
601868.ss,CN Exchange
601869.ss,CN Exchange
601872.ss,CN Exchange
601877.ss,CN Exchange
601878.ss,CN Exchange
601880.ss,CN Exchange
601881.ss,CN Exchange
601882.ss,CN Exchange
601886.ss,CN Exchange
601888.ss,CN Exchange
601890.ss,CN Exchange
601898.ss,CN Exchange
601899.ss,CN Exchange
601900.ss,CN Exchange
601901.ss,CN Exchange
601908.ss,CN Exchange
601916.ss,CN Exchange
601918.ss,CN Exchange
601919.ss,CN Exchange
601921.ss,CN Exchange
601928.ss,CN Exchange
601929.ss,CN Exchange
601933.ss,CN Exchange
601939.ss,CN Exchange
601949.ss,CN Exchange
601952.ss,CN Exchange
601958.ss,CN Exchange
601963.ss,CN Exchange
601965.ss,CN Exchange
601966.ss,CN Exchange
601968.ss,CN Exchange
601969.ss,CN Exchange
601975.ss,CN Exchange
601985.ss,CN Exchange
601988.ss,CN Exchange
601990.ss,CN Exchange
601991.ss,CN Exchange
601992.ss,CN Exchange
601995.ss,CN Exchange
601996.ss,CN Exchange
601997.ss,CN Exchange
601998.ss,CN Exchange
601999.ss,CN Exchange
603000.ss,CN Exchange
603001.ss,CN Exchange
603002.ss,CN Exchange
603004.ss,CN Exchange
603005.ss,CN Exchange
603006.ss,CN Exchange
603007.ss,CN Exchange
603008.ss,CN Exchange
603009.ss,CN Exchange
603010.ss,CN Exchange
603011.ss,CN Exchange
603012.ss,CN Exchange
603013.ss,CN Exchange
300295.sz,CN Exchange
300296.sz,CN Exchange
300298.sz,CN Exchange
300299.sz,CN Exchange
300300.sz,CN Exchange
300301.sz,CN Exchange
300302.sz,CN Exchange
300303.sz,CN Exchange
300304.sz,CN Exchange
300305.sz,CN Exchange
300306.sz,CN Exchange
300307.sz,CN Exchange
300308.sz,CN Exchange
300310.sz,CN Exchange
300311.sz,CN Exchange
300313.sz,CN Exchange
300314.sz,CN Exchange
300315.sz,CN Exchange
300316.sz,CN Exchange
300317.sz,CN Exchange
300318.sz,CN Exchange
300319.sz,CN Exchange
300320.sz,CN Exchange
300321.sz,CN Exchange
300322.sz,CN Exchange
300323.sz,CN Exchange
300324.sz,CN Exchange
300326.sz,CN Exchange
300327.sz,CN Exchange
300328.sz,CN Exchange
300329.sz,CN Exchange
300331.sz,CN Exchange
300332.sz,CN Exchange
300333.sz,CN Exchange
300334.sz,CN Exchange
300335.sz,CN Exchange
300337.sz,CN Exchange
300338.sz,CN Exchange
300339.sz,CN Exchange
300340.sz,CN Exchange
300341.sz,CN Exchange
300342.sz,CN Exchange
300343.sz,CN Exchange
300344.sz,CN Exchange
300345.sz,CN Exchange
300346.sz,CN Exchange
300347.sz,CN Exchange
300348.sz,CN Exchange
300349.sz,CN Exchange
300350.sz,CN Exchange
300351.sz,CN Exchange
300352.sz,CN Exchange
300353.sz,CN Exchange
300354.sz,CN Exchange
300355.sz,CN Exchange
300357.sz,CN Exchange
300358.sz,CN Exchange
300359.sz,CN Exchange
300360.sz,CN Exchange
300363.sz,CN Exchange
300364.sz,CN Exchange
300365.sz,CN Exchange
300366.sz,CN Exchange
300368.sz,CN Exchange
300369.sz,CN Exchange
300370.sz,CN Exchange
300371.sz,CN Exchange
300373.sz,CN Exchange
300374.sz,CN Exchange
300375.sz,CN Exchange
300376.sz,CN Exchange
300377.sz,CN Exchange
300378.sz,CN Exchange
300379.sz,CN Exchange
300380.sz,CN Exchange
300381.sz,CN Exchange
300382.sz,CN Exchange
300383.sz,CN Exchange
300384.sz,CN Exchange
300385.sz,CN Exchange
300386.sz,CN Exchange
300387.sz,CN Exchange
300388.sz,CN Exchange
300389.sz,CN Exchange
300390.sz,CN Exchange
300391.sz,CN Exchange
300393.sz,CN Exchange
300394.sz,CN Exchange
300395.sz,CN Exchange
300396.sz,CN Exchange
300397.sz,CN Exchange
300398.sz,CN Exchange
300399.sz,CN Exchange
300400.sz,CN Exchange
300401.sz,CN Exchange
300402.sz,CN Exchange
300403.sz,CN Exchange
300404.sz,CN Exchange
300405.sz,CN Exchange
300406.sz,CN Exchange
300407.sz,CN Exchange
300408.sz,CN Exchange
300409.sz,CN Exchange
300410.sz,CN Exchange
300411.sz,CN Exchange
300412.sz,CN Exchange
300413.sz,CN Exchange
300414.sz,CN Exchange
300415.sz,CN Exchange
300416.sz,CN Exchange
300417.sz,CN Exchange
300418.sz,CN Exchange
300419.sz,CN Exchange
300420.sz,CN Exchange
300421.sz,CN Exchange
300422.sz,CN Exchange
300423.sz,CN Exchange
300424.sz,CN Exchange
300425.sz,CN Exchange
300426.sz,CN Exchange
300427.sz,CN Exchange
300428.sz,CN Exchange
300429.sz,CN Exchange
300430.sz,CN Exchange
300432.sz,CN Exchange
300433.sz,CN Exchange
300434.sz,CN Exchange
300435.sz,CN Exchange
300436.sz,CN Exchange
300437.sz,CN Exchange
300438.sz,CN Exchange
300439.sz,CN Exchange
300440.sz,CN Exchange
300441.sz,CN Exchange
300442.sz,CN Exchange
300443.sz,CN Exchange
300444.sz,CN Exchange
300445.sz,CN Exchange
300446.sz,CN Exchange
300447.sz,CN Exchange
300448.sz,CN Exchange
300449.sz,CN Exchange
300450.sz,CN Exchange
300451.sz,CN Exchange
300452.sz,CN Exchange
300453.sz,CN Exchange
300454.sz,CN Exchange
300455.sz,CN Exchange
300456.sz,CN Exchange
300457.sz,CN Exchange
300458.sz,CN Exchange
300459.sz,CN Exchange
300460.sz,CN Exchange
300461.sz,CN Exchange
300462.sz,CN Exchange
300463.sz,CN Exchange
300464.sz,CN Exchange
300465.sz,CN Exchange
300466.sz,CN Exchange
300467.sz,CN Exchange
300468.sz,CN Exchange
300469.sz,CN Exchange
300470.sz,CN Exchange
300471.sz,CN Exchange
300472.sz,CN Exchange
300473.sz,CN Exchange
300474.sz,CN Exchange
300475.sz,CN Exchange
300476.sz,CN Exchange
300477.sz,CN Exchange
300478.sz,CN Exchange
300479.sz,CN Exchange
300480.sz,CN Exchange
300481.sz,CN Exchange
300482.sz,CN Exchange
300483.sz,CN Exchange
603280.ss,CN Exchange
603281.ss,CN Exchange
603282.ss,CN Exchange
603283.ss,CN Exchange
603285.ss,CN Exchange
603286.ss,CN Exchange
603288.ss,CN Exchange
603289.ss,CN Exchange
603290.ss,CN Exchange
603291.ss,CN Exchange
603296.ss,CN Exchange
603297.ss,CN Exchange
603298.ss,CN Exchange
603299.ss,CN Exchange
603300.ss,CN Exchange
603301.ss,CN Exchange
603303.ss,CN Exchange
603305.ss,CN Exchange
603306.ss,CN Exchange
603307.ss,CN Exchange
603308.ss,CN Exchange
603309.ss,CN Exchange
603310.ss,CN Exchange
603311.ss,CN Exchange
603312.ss,CN Exchange
603313.ss,CN Exchange
603315.ss,CN Exchange
603316.ss,CN Exchange
603317.ss,CN Exchange
603318.ss,CN Exchange
603319.ss,CN Exchange
603320.ss,CN Exchange
603321.ss,CN Exchange
603322.ss,CN Exchange
603323.ss,CN Exchange
603324.ss,CN Exchange
603325.ss,CN Exchange
603326.ss,CN Exchange
603327.ss,CN Exchange
603328.ss,CN Exchange
603329.ss,CN Exchange
603330.ss,CN Exchange
603331.ss,CN Exchange
603332.ss,CN Exchange
603333.ss,CN Exchange
603335.ss,CN Exchange
603336.ss,CN Exchange
603337.ss,CN Exchange
603338.ss,CN Exchange
603339.ss,CN Exchange
603341.ss,CN Exchange
603344.ss,CN Exchange
603345.ss,CN Exchange
603348.ss,CN Exchange
603350.ss,CN Exchange
603351.ss,CN Exchange
603353.ss,CN Exchange
603355.ss,CN Exchange
603356.ss,CN Exchange
603357.ss,CN Exchange
603358.ss,CN Exchange
603359.ss,CN Exchange
603360.ss,CN Exchange
603363.ss,CN Exchange
603365.ss,CN Exchange
603366.ss,CN Exchange
603367.ss,CN Exchange
603368.ss,CN Exchange
603369.ss,CN Exchange
603373.ss,CN Exchange
603375.ss,CN Exchange
603377.ss,CN Exchange
603378.ss,CN Exchange
603379.ss,CN Exchange
603380.ss,CN Exchange
603381.ss,CN Exchange
603383.ss,CN Exchange
